{
    "root_group": {
        "name": "",
        "path": "",
        "id": "d41d8cd98f00b204e9800998ecf8427e",
        "groups": {},
        "checks": {
                "status is 200": {
                    "name": "status is 200",
                    "path": "::status is 200",
                    "id": "6210a8cd14cd70477eba5c5e4cb3fb5f",
                    "passes": 8197,
                    "fails": 0
                }
            }
    },
    "metrics": {
        "http_req_blocked": {
            "max": 52.198334,
            "p(90)": 2.7388584000000047,
            "p(95)": 5.964450399999981,
            "avg": 1.0093853225570317,
            "min": 0.002333,
            "med": 0.008291
        },
        "vus": {
            "value": 48,
            "min": 2,
            "max": 1500
        },
        "vus_max": {
            "value": 1700,
            "min": 1700,
            "max": 1700
        },
        "http_req_receiving": {
            "p(95)": 0.2705502,
            "avg": 0.11630045419055754,
            "min": 0.013416,
            "med": 0.073333,
            "max": 24.225958,
            "p(90)": 0.1665838000000001
        },
        "http_req_waiting": {
            "p(90)": 2320.7582512,
            "p(95)": 2401.3484598,
            "avg": 1227.8960404546742,
            "min": 5.708417,
            "med": 1493.411459,
            "max": 3061.216751
        },
        "http_req_failed": {
            "passes": 0,
            "fails": 8197,
            "value": 0
        },
        "data_sent": {
            "count": 1918098,
            "rate": 31449.40650120708
        },
        "iterations": {
            "rate": 134.39917308208152,
            "count": 8197
        },
        "http_req_tls_handshaking": {
            "p(90)": 0,
            "p(95)": 0,
            "avg": 0,
            "min": 0,
            "med": 0,
            "max": 0
        },
        "data_received": {
            "count": 3158274,
            "rate": 51783.50786466243
        },
        "http_req_duration": {
            "avg": 1228.1190742410606,
            "min": 5.788958,
            "med": 1493.51075,
            "max": 3061.417668,
            "p(90)": 2320.8862426,
            "p(95)": 2401.7735675999998
        },
        "http_req_duration{expected_response:true}": {
            "p(90)": 2320.8862426,
            "p(95)": 2401.7735675999998,
            "avg": 1228.1190742410606,
            "min": 5.788958,
            "med": 1493.51075,
            "max": 3061.417668
        },
        "http_req_sending": {
            "min": 0.00775,
            "med": 0.036875,
            "max": 24.658042,
            "p(90)": 0.1441504,
            "p(95)": 0.3599085999999993,
            "avg": 0.10673333219470534
        },
        "http_req_connecting": {
            "avg": 0.9310086000975965,
            "min": 0,
            "med": 0,
            "max": 52.112958,
            "p(90)": 2.5243588,
            "p(95)": 5.5537167999999975
        },
        "checks": {
            "passes": 8197,
            "fails": 0,
            "value": 1
        },
        "http_reqs": {
            "count": 8197,
            "rate": 134.39917308208152
        },
        "dropped_iterations": {
            "count": 4305,
            "rate": 70.58538979118714
        },
        "iteration_duration": {
            "avg": 2230.7204456310865,
            "min": 1006.507251,
            "med": 2496.608502,
            "max": 4070.947377,
            "p(90)": 3322.4199938,
            "p(95)": 3403.1584348
        }
    }
}